Country,Life Ladder,Log GDP per capita,Social support,Healthy life expectancy at birth,Freedom to make life choices,Generosity,Perceptions of corruption,Happiness score,EPI.new,HLT.new,AIR.new,H2O.new,COE.new,BDH.new,Population (2020)
Afghanistan,0.0,29.47282210972652,0.0,13.751376060855222,0.0,28.184899592082814,73.83828036842131,0.0,41.86440677966102,5.5222088835534215,10.852713178294575,24.31578947368421,42.7,29.225352112676056,39074280.0
Albania,60.966320193841625,67.22911308639343,65.54096690428086,76.67768634440688,73.45779179823458,29.983630361736264,87.93460849434044,51.59682481078087,47.79661016949152,34.33373349339736,35.21594684385382,51.68421052631579,61.5,68.1924882629108,2877239.0
Algeria,61.0408365488818,62.027231100758,80.95507527206378,65.34653232664488,32.18696925019148,24.29715778150476,71.16499439156323,50.17537382314934,18.135593220338983,36.734693877551024,37.32004429678848,50.84210526315789,39.9,19.83568075117371,43984569.0
Argentina,77.23221401339738,73.5411823737162,87.90992582053411,68.20682526184186,77.3415558872295,22.61827793317957,83.48312700422055,65.77441388222263,37.627118644067785,53.9015606242497,51.27353266888151,62.94736842105262,66.2,42.95774647887324,45267449.0
Armenia,63.598716190288485,67.9060786859911,77.05054912027411,71.17713592006476,71.31584072787967,19.407350088181538,70.26507085842928,55.288905298135504,49.830508474576256,35.174069627851146,29.2358803986711,55.05263157894736,53.2,79.22535211267606,2964219.0
Australia,89.23183203942578,87.35058937746706,94.29967038898356,85.25853157730234,82.18172167038537,56.25749029232425,50.24305532890152,87.83459479416653,69.83050847457625,90.03601440576232,94.57364341085272,86.42105263157895,60.5,89.55399061032864,25550683.0
Austria,88.6781657595093,88.75081096140673,85.65741154068903,85.91860434276248,82.47388067609009,54.53075000046385,47.60654108080118,87.85305519660331,80.67796610169489,84.39375750300121,76.74418604651163,94.42105263157896,52.9,94.13145539906104,9015361.0
Bahrain,75.87021981344843,86.07566460520678,81.88488341897353,61.93618434901367,97.66581595324809,51.894772783940326,47.668188902767355,78.32748753922837,39.15254237288135,40.69627851140456,32.11517165005537,54.315789473684205,32.8,11.150234741784038,1711057.0
Bangladesh,32.97690934062251,52.74569618666536,23.19508893273724,56.87570481677534,84.01011975582605,31.325888159383005,59.237188255558735,50.784567103562864,7.118644067796609,8.043217286914768,9.634551495016613,23.578947368421048,0.0,37.08920187793427,164972348.0
Belgium,86.4739355919039,87.75627142836257,91.79622986289009,84.92851198092,88.29574754297212,49.49055932368609,42.48187884156786,81.24423112423851,66.61016949152543,79.83193277310926,76.30121816168327,93.26315789473684,54.3,89.90610328638499,11598451.0
Benin,45.536272690219946,42.80072309959792,18.169245227110174,20.462054293091654,58.52268518658677,34.331151193615604,54.561163551765205,40.96363300719956,18.135593220338983,12.965186074429774,18.383167220376524,8.94736842105263,29.1,67.84037558685446,12175480.0
Bolivia,72.08138560041326,57.193201287404406,78.6816997099963,52.80528407368405,84.08362623911,28.276687562771457,87.2747224272214,58.99944618792689,35.9322033898305,29.29171668667467,26.910299003322255,36.94736842105263,53.0,90.14084507042251,11700207.0
Bosnia and Herzegovina,69.28878979423231,67.76697295210596,83.49852093075748,68.42686070789375,66.13176672893121,71.06537807591704,97.4002649621892,62.10079379730479,34.745762711864394,31.932773109243698,24.473975636766337,59.47368421052631,57.0,33.21596244131456,3277152.0
Brazil,77.17151232203474,66.96780699224081,84.27254697998377,62.37625524111746,78.11739037856242,30.617778562517557,74.93853687834995,71.79250507661068,41.86440677966102,41.53661464585835,43.41085271317829,43.36842105263158,54.5,84.97652582159625,212821986.0
Bulgaria,63.54297683261304,75.61026873992336,95.76516758697974,65.34653232664488,63.14860843265892,20.49837266999013,100.0,54.77201402990586,55.9322033898305,38.17527010804322,25.35991140642303,66.73684210526316,53.7,81.33802816901408,6939018.0
Burkina Faso,52.022013237635235,35.42460832821885,56.7453760560261,17.161724038486398,46.68215711859429,45.94947434329127,74.20994790478488,41.831271921727904,28.135593220338976,11.404561824729893,22.591362126245848,2.947368421052631,46.6,85.32863849765259,20997293.0
Cambodia,46.04738566456861,47.356572722468115,73.40688353379724,45.54455079901334,97.83706870192027,56.33287312235132,89.71474920586815,41.2774598486247,18.983050847457623,19.447779111644664,22.36987818383167,30.84210526315789,36.9,70.42253521126761,16758448.0
Cameroon,53.21467427151083,44.28720744105425,52.98703644234783,21.01210933552588,51.829901718885125,40.91528785344153,88.41451883267082,48.809304042828145,19.15254237288135,3.4813925570228115,8.305647840531561,2.947368421052631,28.8,42.48826291079813,26655083.0
Canada,87.42095001511903,86.52801236829035,92.63801568870056,86.68866125855305,79.5552474284336,64.40803444596062,37.287357799226626,85.30551966032861,52.71186440677965,89.43577430972391,91.140642303433,87.47368421052632,56.4,67.01877934272301,37799407.0
Chile,79.62383698770815,75.8723254889637,87.04186643875245,82.28822091907944,71.97394778456263,36.569654535979026,81.77091111983252,69.55879638176113,47.1186440677966,55.942376950780314,47.286821705426355,66.42105263157895,8.2,65.14084507042254,19144605.0
China,71.0574956799132,69.67778060750345,82.97688645953693,74.80748577105237,85.73353597064585,40.534827031604195,,58.72254015137531,16.101694915254235,25.690276110444177,16.500553709856035,57.368421052631575,0.0,4.225352112676058,1440297825.0
Colombia,71.50490441822416,67.77132049499747,85.7449139053583,78.21783374868352,72.9386951489152,18.511594262469984,90.08591547960164,62.34077902898284,39.830508474576256,46.698679471788715,42.414174972314505,53.57894736842105,41.5,84.03755868544603,50976248.0
Costa Rica,89.88263729546898,73.3186913927174,89.00416624937212,80.30803619539444,91.70514050899504,32.256634809419566,76.01768798709332,77.1275613808381,46.44067796610168,52.82112845138056,50.60908084163898,64.42105263157896,68.2,73.59154929577466,5102158.0
Croatia,66.65015945009799,80.86890336280098,90.1112401482782,76.45765089835498,38.112556550241024,12.42243172086081,91.64740842450782,68.6911574672328,70.0,53.181272509003605,44.40753045404208,68.73684210526316,50.3,88.84976525821597,4100719.0
Cyprus,71.08684074708266,83.82115084308319,78.15792238803385,93.50935721381546,55.87647197136435,33.52461588189598,93.1846163172171,70.46335610116301,66.27118644067795,74.90996398559425,69.32447397563676,93.6842105263158,67.3,85.09389671361502,1208886.0
Denmark,97.14576328281667,89.65897826642978,98.0841811429726,86.35864166217073,95.01021764337244,64.71613281764584,7.305863555152467,96.584825549197,100.0,88.95558223289316,82.83499446290143,97.36842105263158,65.2,83.45070422535213,5795780.0
Dominican Republic,65.71532530047864,71.28310300087585,78.27357330307346,56.545651647697525,82.10128232685761,27.848723997437272,64.14547711383528,61.52852132176483,39.49152542372881,25.930372148859547,30.78626799557032,35.78947368421052,62.5,87.91079812206574,10866667.0
Ecuador,71.43387131082429,61.71253467771456,78.89706408768279,77.00770594078921,66.06540502738326,28.30739981294697,90.48108250732392,57.762599224663106,46.77966101694914,42.617046818727495,42.5249169435216,47.68421052631578,47.8,81.45539906103288,17688599.0
Egypt,42.5311100328163,63.57964796318788,71.50547377238338,52.80528407368405,61.65289681542545,13.012956127314247,54.666002256766674,34.77939819088057,28.135593220338976,24.129651860744303,32.00442967884828,33.36842105263158,15.1,43.07511737089202,102659126.0
El Salvador,80.81739286864209,59.16765822182526,71.92376296407467,62.486239391447896,92.3886276872402,24.44750240809732,59.767516636635506,68.59885545504893,37.1186440677966,33.493397358943575,34.330011074197124,38.63157894736842,37.0,30.046948356807512,6491923.0
Estonia,78.72298484001512,82.72338062433062,93.197236707309,79.75798115296021,90.67649376900351,54.13562615311431,30.798105309555215,72.6786043935758,72.03389830508473,72.50900360144058,76.30121816168327,59.89473684210525,59.1,94.13145539906104,1326693.0
Ethiopia,36.397329103393744,36.58093744753725,67.66604459000601,41.14411045953966,51.68636022818899,81.13398298082842,81.35781086040478,33.91175927635223,21.864406779661017,16.686674669867948,31.0077519379845,6.31578947368421,24.4,62.676056338028175,115434444.0
Finland,100.0,86.70554224924194,98.62461282695094,85.69856889671058,99.93056039106575,50.11353185132409,5.682421656625483,100.0,97.6271186440678,98.43937575030014,97.23145071982282,100.0,64.5,76.64319248826291,5542237.0
France,82.70411503000095,85.43771742112827,84.23354236960495,90.86909972467032,72.78049070926085,34.89229691986192,48.68156238399536,79.06590363669929,73.89830508474574,87.03481392557025,84.49612403100775,96.10526315789474,56.7,94.71830985915494,65298930.0
Gabon,59.83859843285286,65.79781751782983,72.30269302963941,30.033008674177324,56.02358585292849,18.205290635116853,82.57153976302287,47.14786782351857,52.20338983050846,21.608643457382954,22.148394241417495,23.89473684210526,42.3,93.07511737089202,2234448.0
Georgia,62.21547491927656,69.19690795868553,69.55920595168918,58.63585409440845,76.61594678954077,7.611239538210501,64.04454376842925,47.42477386007015,34.23728813559321,31.332533013205285,24.58471760797342,49.1578947368421,61.9,40.610328638497656,3987805.0
Germany,82.61726309733005,88.08846749347654,90.880972617893,86.90869670460495,89.1986441061101,47.57258063825533,34.09627874780929,85.47166328225957,73.72881355932202,84.75390156062426,76.96566998892581,99.05263157894736,56.3,97.06572769953053,83830972.0
Ghana,45.12572277619644,50.64694331374881,52.86182935837476,32.453247503618286,70.78107197963939,51.91830784082765,95.89088836774616,45.560273213956066,14.915254237288131,10.92436974789916,10.6312292358804,16.736842105263154,32.8,55.28169014084507,31181428.0
Greece,71.64056619044102,79.31809728065105,85.52861990859995,85.91860434276248,32.8759159297349,0.0,91.5475673827434,65.42366623592396,63.22033898305085,72.14885954381754,62.34772978959026,98.10526315789474,59.8,74.29577464788733,10413936.0
Guinea,62.59914244439861,38.912753024455014,46.76285072809165,12.76128369901275,61.09536164402638,54.5452114294457,78.50163883889097,45.911020860254766,21.525423728813557,9.723889555822328,16.943521594684384,6.631578947368422,24.9,64.31924882629109,13191279.0
Honduras,72.12669740145843,51.13253883290213,66.13907436135221,55.115521966446806,81.7453147690106,47.612701915873515,86.52223744111264,66.78973601624517,29.830508474576263,22.328931572629052,28.349944629014395,28.210526315789473,52.6,64.43661971830987,9931333.0
Hungary,71.03141939290728,81.29433702043025,93.68976149657642,69.96700811217039,68.92920106606601,36.869261768848645,88.27946222076143,67.97120177219865,61.35593220338982,43.45738295318128,35.991140642303435,60.21052631578947,53.1,84.74178403755869,9655983.0
Iceland,95.6542233314546,88.68841277386298,100.0,89.43893647072412,96.04663483807684,64.45217159782483,68.72164581280083,95.1264537566919,74.40677966101694,100.0,100.0,100.0,73.7,60.093896713615024,341628.0
India,41.07719063505576,54.49487846154534,50.203008519111904,41.58416456529574,88.84464439069038,48.599582049359675,78.55079250276448,25.3461325456895,0.0,1.320528211284513,2.325581395348838,15.26315789473684,0.0,0.0,1382345085.0
Indonesia,66.7431274035726,63.931626912322656,80.07828692476006,50.27502752121711,90.55797919738268,100.0,89.96884447012025,52.35370131068858,15.762711864406777,16.686674669867948,17.497231450719823,24.73684210526316,17.4,53.28638497652583,274021604.0
Iran,57.31825059988495,67.41191319020274,75.58356295613746,66.00660509210502,34.17066542339391,63.22410976042625,77.9656095305887,45.85563965294443,26.44067796610169,36.61464585834334,39.756367663344406,51.26315789473684,6.9,25.23474178403756,84176929.0
Iraq,59.12776446959836,58.60868618739491,66.35029484385404,52.365246754275745,38.27861217660528,38.78124747335322,94.85549673845428,46.83404098209341,15.084745762711862,28.33133253301321,28.90365448504983,47.05263157894737,19.7,26.40845070422536,40372771.0
Ireland,86.67539450691477,100.0,89.59509673208369,86.46865938519664,89.16268809293865,54.67707340069012,26.720150516449213,85.60088609931698,65.25423728813558,92.31692677070828,92.35880398671095,97.26315789473684,71.0,63.145539906103295,4947267.0
Israel,98.96706546832348,84.70626678759507,95.88302437778302,92.84928444835532,68.83529966203568,37.30048639221637,63.98514040600067,91.5635960863947,49.66101694915253,77.55102040816327,68.9922480620155,92.52631578947368,13.7,39.78873239436621,8678517.0
Italy,77.19318093262106,84.59388749544232,84.74227246760788,89.65897191677601,57.927105061593466,41.269569224965885,84.5714878785999,75.0046151006092,65.76271186440678,78.63145258103243,70.54263565891473,98.21052631578948,48.9,82.981220657277,60446035.0
Jamaica,71.17109688374134,60.205376049558254,84.56741742269614,65.34653232664488,85.6509168631986,27.396169223481568,95.985679375551,63.614546797120184,45.25423728813559,36.49459783913566,37.76301218161683,46.73684210526315,67.1,55.633802816901415,2963429.0
Japan,75.94519468516313,83.78613592029862,88.61313537961794,100.0,71.19029238101868,9.690033381530965,62.517922243205646,67.1035628576703,64.91525423728814,85.35414165666268,81.06312292358804,94.84210526315788,51.6,88.02816901408451,126407422.0
Jordan,47.6809178764281,59.1592915475556,72.1724045532821,69.74697266611855,66.20617135568196,19.57262534630003,71.50195510194365,32.26878345947942,41.86440677966102,48.979591836734706,49.83388704318937,60.73684210526316,23.0,21.478873239436624,10220604.0
Kazakhstan,73.2817674634534,76.4185520289459,91.88089610157743,63.58634947631634,87.11888694795712,40.566778966638296,72.2028474448147,70.70334133284106,37.288135593220325,31.332533013205285,25.35991140642303,52.8421052631579,60.2,50.23474178403757,18815231.0
Kenya,49.11305033671856,48.74519043293475,61.113876662198805,31.463155141775815,57.15796123451332,73.12089198008326,91.98558862457034,39.48680081225771,20.169491525423723,17.767106842737096,26.910299003322255,9.157894736842104,13.8,47.652582159624416,53968739.0
Kyrgyzstan,68.03280908669117,49.031737297687755,92.35638837869809,68.75688030427608,98.19557931767336,66.13692093805113,91.78205355216863,63.20841794351118,28.474576271186443,21.248499399759908,19.712070874861578,42.73684210526316,59.3,26.643192488262912,6542426.0
Laos,56.5354369141606,56.42919099811533,55.73421048407453,41.14411045953966,94.58593063304984,42.69743998453451,65.65863936336505,50.507661067011256,19.999999999999993,15.366146458583431,18.715393133997782,22.73684210526316,0.0,81.10328638497654,7293542.0
Latvia,74.03488110135704,80.02299349753025,92.50431598303724,64.90649500723663,75.96906148044317,40.152647510143694,87.77490023517636,69.70647960125531,71.52542372881354,54.6218487394958,50.27685492801772,56.94736842105263,55.6,92.1361502347418,1882408.0
Lebanon,16.612933627585182,63.98207717623649,40.48608638938218,63.69636719934226,13.747458203531409,22.85681479765632,92.64082866044652,10.171681742661995,22.54237288135593,41.89675870348139,39.31339977851606,57.68421052631578,20.8,8.215962441314556,6819976.0
Lithuania,89.27651522890105,83.22326986363805,93.6947404733002,70.4070454315787,57.78204984595325,15.035427824945426,67.78741197486873,74.61694664943695,62.71186440677965,60.50420168067227,58.36101882613511,56.210526315789465,57.4,92.25352112676056,2715340.0
Malawi,32.17090728339872,29.00933181315294,36.36185501152818,30.803082376315672,63.523154441319434,40.335161947666535,76.56563537554027,24.84770167989663,36.77966101694914,18.367346938775512,33.22259136212625,7.473684210526316,39.3,89.90610328638499,19211425.0
Malaysia,73.34554565379347,76.28263657833364,74.7879981057042,61.166127433223096,86.34419279608207,64.19679696296433,78.38453790328239,61.04855085840873,27.288135593220332,43.93757503001201,42.08194905869325,55.368421052631575,13.6,54.10798122065728,32436963.0
Mali,45.43115404487048,34.74076954480523,54.6413959963552,17.821780017598826,76.06395185143697,35.58483429978354,75.40085065390554,38.30533505630423,16.271186440677965,10.804321728691477,23.25581395348837,3.473684210526316,52.6,48.23943661971831,20346106.0
Malta,77.82536449533445,84.94456843716702,93.0320560032466,87.56876947006509,79.43337238743689,66.82930868161007,76.89366313696102,74.63540705187374,95.42372881355932,78.15126050420169,74.75083056478405,99.78947368421052,71.2,78.75586854460096,441750.0
Mauritius,69.15971735035417,73.46716467405588,87.07811370442666,53.13532045641409,72.76261866342122,33.39037087909933,78.32631662287696,67.69429573564705,43.89830508474575,55.46218487394958,49.83388704318937,63.68421052631579,97.6,14.319248826291082,1272140.0
Mexico,89.2887916430899,71.32366964210104,83.28800947975111,61.82620019868324,83.38585958889249,23.42814471676508,79.72255749356117,68.74653867454312,45.084745762711854,35.414165666266506,31.561461794019937,50.421052631578945,28.5,75.11737089201878,129166028.0
Moldova,68.32393019786196,65.81106344886985,77.78587780610295,61.386129306579505,77.9048230304168,27.44161050865267,92.86586565521844,63.743769614177594,40.33898305084745,36.734693877551024,38.53820598006645,47.368421052631575,62.1,51.64319248826291,4032294.0
Mongolia,69.89376556911395,63.32068766555946,95.5768173092708,38.94389028980282,59.03448568167575,63.48733417168945,88.11734490836032,61.97157098024738,18.135593220338983,14.885954381752704,10.188261351052049,40.21052631578947,61.6,72.65258215962442,3287242.0
Montenegro,68.87530389440583,70.28096308709328,87.09044297432018,67.54675249638171,73.3909658877038,45.48447945777741,87.83232847321183,58.02104485877793,47.45762711864406,35.89435774309724,27.685492801771872,63.78947368421051,61.5,54.929577464788736,628080.0
Morocco,51.4107069744731,56.888591789415045,44.3256101092923,53.90539415855244,72.18044004993274,7.460866366976479,82.49155470663447,49.03082887206941,16.101694915254235,20.648259303721495,18.826135105204873,37.78947368421052,44.9,12.67605633802817,36985624.0
Mozambique,53.63760413574644,26.131555553192385,63.771208535321165,0.0,87.31361252476202,43.53729826609857,68.14269495660778,48.809304042828145,21.69491525423728,20.28811524609844,35.65891472868217,11.999999999999996,60.9,69.71830985915494,31398811.0
Myanmar,47.03624343204907,45.51266718394086,72.87482629959321,43.12431196957243,44.53073013008951,99.107958545759,66.0392174040929,36.73620084917851,0.8474576271186436,12.244897959183676,12.403100775193796,27.263157894736835,23.1,18.779342723004696,54473253.0
Namibia,56.88348065184431,59.11412714514296,76.6262331608713,24.09240414407921,53.188005647203184,23.558919315573725,88.33968855168712,37.93612700756876,54.23728813559321,15.366146458583431,18.272425249169434,15.473684210526317,61.0,79.92957746478875,2548663.0
Nepal,65.02919207420649,45.2336268680653,69.3986654648583,45.65456852203931,80.56395336516192,56.2250386030595,77.25364452066547,54.8827764445265,15.932203389830503,6.842737094837936,4.208194905869325,23.26315789473684,0.0,53.16901408450705,29225196.0
Netherlands,94.73671667487406,89.43986523242583,92.61249055486344,87.45875174703917,84.60560905732274,64.74349999264976,39.46532148226278,92.50507661067012,74.0677966101695,86.31452581032414,78.7375415282392,100.0,60.4,87.20657276995306,17141544.0
New Zealand,88.30577626549447,84.5327716766651,96.1389217226275,82.17823676874895,78.27087199639126,60.23940176711312,17.01903902080814,88.5360900867639,64.0677966101695,88.23529411764707,96.89922480620156,79.36842105263159,100.0,83.09859154929578,4829021.0
Nicaragua,79.26803544370873,51.446844289858205,81.39541534326433,61.496147029605424,92.37684081567572,37.74056767355125,53.37789944660421,69.42957356470372,31.864406779661017,30.852340936374553,35.991140642303435,39.89473684210526,73.1,63.732394366197184,6638075.0
Nigeria,49.59878958993356,48.7829108410439,67.85009340997571,14.52144976299357,60.5029199754171,43.87120902184792,96.27450391038158,39.65294443418867,15.932203389830503,4.561824729891956,8.970099667774088,0.0,4.5,46.83098591549297,206984347.0
North Macedonia,60.263258827763295,68.98278365195637,82.11807599970734,65.78656964605318,60.05529132645698,46.490554970628274,99.44637412892293,51.59682481078087,59.99999999999998,30.132052821128458,18.715393133997782,59.05263157894736,55.2,61.15023474178405,2083359.0
Norway,93.26283701091133,91.57752705035716,92.30358916666842,87.12873215065679,96.61446333909558,59.98451595923767,21.276359797861733,91.58205648883148,68.47457627118644,96.99879951980792,96.01328903654486,100.0,63.3,76.7605633802817,5428594.0
Pakistan,49.716177254041625,49.78284570609375,50.2493397882773,25.082513292269457,66.98048203057118,39.07203502527414,75.03338773840908,38.98836994646484,9.66101694915254,0.0,0.0,13.157894736842104,0.0,37.08920187793427,221612785.0
Panama,72.86460603480049,78.82224281136521,87.60809111291063,75.90759585592076,89.89392824741935,23.437846326782775,93.12274404929715,72.08787151559905,53.55932203389829,45.13805522208884,51.16279069767442,40.63157894736842,66.2,91.43192488262912,4326296.0
Paraguay,75.31864644028823,65.29053120014939,88.72435090874698,62.486239391447896,93.6952145099618,36.54828195868764,87.15263130990756,58.5933173343179,37.288135593220325,40.21608643457383,41.63898117386489,44.84210526315789,51.4,68.66197183098592,7147553.0
Peru,71.51043620003936,64.31550869418658,78.58034759678208,80.41805391842036,67.02704420985071,16.624971865687765,92.76577772290491,58.2425696880192,35.423728813559315,38.05522208883554,39.64562569213732,40.10526315789473,54.5,57.15962441314554,33050211.0
Philippines,72.64244731056397,56.93887002825045,72.69185678312216,45.32453213930927,90.90078743971588,36.8097258979395,72.32757954285111,64.61140852870594,16.94915254237288,23.64945978391357,22.36987818383167,35.78947368421052,49.2,56.80751173708921,109830324.0
Poland,83.5177084963602,81.69765763615806,87.00020689932947,76.89768821776329,73.08003669269263,13.150298669719811,65.53227629139798,68.65423666235925,53.72881355932203,49.93997599039616,38.42746400885935,70.3157894736842,55.7,95.65727699530515,37839255.0
Portugal,72.44834684863616,81.34140933734923,83.81448899952409,86.35864166217073,90.55245914708664,21.47440316365971,93.89094025216916,66.67897360162452,53.38983050847457,78.27130852340936,80.17718715393133,82.63157894736842,66.4,75.93896713615024,10191409.0
Romania,79.96154930935464,79.98119140346896,79.58397380049846,67.87680566545953,79.23400472080351,17.294889624294004,99.9826952169651,75.18921912497694,62.881355932203384,40.576230492196885,37.098560354374314,53.68421052631579,54.3,88.38028169014085,19214608.0
Russia,73.86791447295866,76.68082771899518,91.4153460216489,59.73596417927689,69.02432354155124,29.450808948002944,78.02118234873976,56.39652944434188,31.525423728813557,47.05882352941177,47.729789590254704,53.1578947368421,54.5,45.30516431924883,145945524.0
Saudi Arabia,79.10290288200841,86.1540142091151,88.80539320867972,56.545651647697525,90.42631540174764,34.62009031274795,37.68040755345177,76.03839763706848,32.20338983050846,37.21488595438176,30.011074197120703,57.157894736842096,51.3,27.58215962441315,34905942.0
Senegal,56.22987252774233,43.512124992170925,50.35415827769161,37.62376154523031,66.04588806710441,44.09477600591673,89.03029378834415,48.7723832379546,25.423728813559315,11.884753901560623,18.16168327796235,8.526315789473685,53.9,69.60093896713614,16816539.0
Serbia,76.9883127242722,71.63261104433846,87.4838687949035,67.76678794243361,81.6045383492123,69.44359643072094,83.00416682042774,69.66955879638176,42.372881355932186,36.25450180072029,26.245847176079735,63.78947368421051,53.1,48.00469483568076,8731081.0
Sierra Leone,19.83890534320759,30.73710478508869,36.208869649187974,15.621559847861988,49.30553327016054,49.92062716430823,89.98501954185457,21.59867085102455,23.389830508474574,9.963985594237696,17.60797342192691,6.947368421052631,23.9,53.28638497652583,8004158.0
Singapore,82.28397324296364,99.12406393921948,85.67348292125311,97.0297229144726,86.40155287996262,45.39536754722604,0.0,75.24460033228726,54.23728813559321,78.7515006002401,70.32115171650055,92.94736842105264,23.5,22.887323943661976,5858322.0
Slovakia,79.67509471466165,79.40998994982576,95.5540652763938,75.68756040986892,63.17803524557159,43.386009436287566,94.2161699206997,73.60162451541444,69.66101694915253,57.14285714285715,50.055370985603545,70.42105263157896,52.3,90.25821596244133,5460109.0
Slovenia,84.40379936530569,83.91737541650596,94.31069188967432,85.69856889671058,95.15147845515284,50.03371300560944,77.47963915150677,78.01366069780322,82.03389830508473,63.62545018007203,54.70653377630122,73.36842105263159,46.2,92.37089201877934,2078989.0
South Africa,66.95976174142415,65.09622105472795,91.73094381841231,24.202421867105187,56.74968943409897,20.46691469105636,93.71811686777367,51.50452279859701,31.016949152542377,20.048019207683076,18.272425249169434,20.73684210526315,0.0,57.3943661971831,59436725.0
South Korea,72.40912148667375,85.25910847377554,76.90064410587536,97.57977795690675,60.12148147251125,38.29357782853491,75.61394712393741,65.1836810042459,47.45762711864406,74.30972388955583,63.344407530454035,90.3157894736842,0.0,64.7887323943662,51276977.0
Spain,78.40950734324623,82.9880333881911,93.27222860514698,91.1991193210527,69.9292686791135,38.02861347642119,66.29633520718897,75.17075872254016,63.89830508474575,80.07202881152462,75.63676633444075,96.73684210526316,63.0,93.89671361502349,46757980.0
Sri Lanka,43.77008864624894,65.18805116932876,77.2097739597745,67.98678981579002,68.23978008604013,36.505929738934995,88.31612920807407,36.14546797120178,26.779661016949156,33.13325330132053,29.67884828349945,45.78947368421052,30.2,60.68075117370893,21428970.0
Sweden,95.3815686095787,88.32026346735469,95.31278973661156,90.31904468223615,96.68880741684856,65.90091919454443,8.573087280466375,91.93280413513016,91.18644067796608,98.07923169267708,97.78516057585826,98.52631578947368,66.5,73.94366197183099,10110233.0
Switzerland,86.8922211259524,92.77172514489791,86.25219442785937,93.94939453322372,81.26476764826683,53.22444730081157,11.2571597557856,94.29573564703712,79.66101694915253,92.43697478991598,87.04318936877075,100.0,55.2,66.54929577464789,8665615.0
Tajikistan,62.12349055802311,44.97824781979716,86.52995357714762,46.42464222417766,78.49513539260474,29.73498691014105,44.43248625497655,54.8827764445265,30.847457627118644,6.2424969987995205,7.198228128460686,27.263157894736835,48.5,60.79812206572771,9573310.0
Tanzania,36.207706574472766,38.4512722935705,49.16358410300181,35.643560035197595,82.58177899010326,54.1715174716755,55.16341937949037,23.961602362931515,25.932203389830505,20.168067226890756,30.454042081949066,14.210526315789473,56.1,75.46948356807512,60012400.0
Thailand,73.29476123437496,69.70105090902354,84.42922718422817,73.8173934092099,86.72537901149724,73.93114590036865,90.7527144820965,64.37142329702789,32.542372881355924,38.895558223289314,31.782945736434108,53.57894736842105,17.5,53.521126760563384,69830779.0
Togo,45.87215094516834,35.39527023302283,46.35478734619065,26.182623377137872,55.42194073665928,38.71429813534627,71.32579495436893,31.530367362008505,25.593220338983045,8.163265306122447,16.943521594684384,0.2105263157894743,32.0,62.676056338028175,8310934.0
Tunisia,46.21158640205941,61.316204535628856,69.59209713495146,67.3267506230253,17.91475811179967,10.245196329330376,95.8341110229766,38.98836994646484,36.94915254237288,38.17527010804322,41.63898117386489,50.10526315789473,45.1,24.178403755868544,11839918.0
Uganda,45.64806201364068,35.918312484024156,74.69526466422387,32.56326522664426,57.94439180045471,47.97111735429994,86.61788134354173,40.5944249584641,28.64406779661016,16.206482593037215,24.031007751937985,13.263157894736842,14.4,82.15962441314554,45974931.0
Ukraine,52.05191296207225,57.764778068491495,83.91017673890222,56.87570481677534,77.99261907717272,89.0761905006573,88.73304504871572,49.47387853055197,52.03389830508474,38.655462184873954,33.44407530454042,52.8421052631579,59.9,65.61032863849766,43686577.0
United Arab Emirates,84.62415360456505,93.06193145222872,75.27517364624471,64.68645956118473,95.47550641668003,58.33316741760482,26.381704722008077,77.01679896621746,56.77966101694914,45.61824729891957,39.8671096345515,65.47368421052632,25.7,87.44131455399061,9910892.0
United Kingdom,84.37870667052091,85.71425555404471,83.95926535277225,82.06821904572303,82.73799540433106,74.9261371721309,35.28590589575941,83.7917666605132,99.66101694915253,87.03481392557025,80.73089700996677,100.0,62.0,88.84976525821597,67948282.0
United States,83.92909409400016,91.04130924221155,88.82618358775257,61.496147029605424,62.18023821994019,60.70124692984541,69.81283470619755,84.41942034336351,54.57627118644067,78.51140456182473,78.95902547065337,85.36842105263158,54.9,64.31924882629109,331341050.0
Uruguay,83.5888599306438,74.73359766289857,89.42934092469724,69.3069353467103,86.27753844104495,31.697973359000688,61.05273905705805,75.13383791766661,31.35593220338982,61.58463385354143,64.11960132890366,69.26315789473684,79.4,14.084507042253522,3475842.0
Uzbekistan,73.4362284193257,56.78967736931119,86.00580598318199,60.9460919871712,100.0,74.87304770708745,59.10816175827371,67.54661251615285,32.71186440677966,18.127250900360146,12.18161683277962,49.57894736842105,51.0,32.863849765258216,33551824.0
Venezuela,72.39328047511202,0.0,88.7078225967747,53.355339116118216,68.0682245923791,53.25318283456568,81.9742591539394,46.538674543105046,46.61016949152542,37.81512605042017,45.40420819490587,43.99999999999999,58.2,77.11267605633803,28421581.0
Zambia,27.930522891121424,41.90774091740818,51.66033609865465,15.401541188157836,78.59186241653069,54.792663142259784,85.23956622303118,25.03230570426436,33.05084745762711,11.764705882352942,19.82281284606866,8.94736842105263,46.6,100.0,18468257.0
Zimbabwe,31.250523804457057,35.14811711123291,57.88580594773042,12.211228656578529,48.017232244763264,29.561477414980153,76.27764877227035,10.91009784013292,46.27118644067796,12.60504201680672,20.15503875968992,12.52631578947368,45.5,91.43192488262912,14899771.0
,0.9528265025284389,0.7996171746242285,0.7672472033971438,0.7559439431201536,0.5727256118907915,0.1543213551908515,-0.5119631199163466,1.0,0.6853328942616597,0.7975316670935604,0.7373666226225396,0.7901333088531922,0.4538871988127483,0.304162012357516,-0.13692173354134313
